<?xml version="1.0" encoding="UTF-8"?>
<beans xmlns="http://www.springframework.org/schema/beans"
       xmlns:xsi="http://www.w3.org/2001/XMLSchema-instance"
       xmlns:context="http://www.springframework.org/schema/context"
       xmlns:aop="http://www.springframework.org/schema/aop"
       xmlns:tx="http://www.springframework.org/schema/tx"
       xsi:schemaLocation="http://www.springframework.org/schema/beans
                https://www.springframework.org/schema/beans/spring-beans.xsd
                http://www.springframework.org/schema/context
                https://www.springframework.org/schema/context/spring-context.xsd
                http://www.springframework.org/schema/aop
                https://www.springframework.org/schema/aop/spring-aop.xsd
                http://www.springframework.org/schema/tx
                http://www.springframework.org/schema/tx/spring-tx.xsd">

    <!--    整合MyBatis 关联配置文件-->
    <context:property-placeholder location="classpath:db.properties"/>
<!--    Spring的配置文件。这里主要配置和业务逻辑相关的-->
<!--    数据源,事务控制=================================================================-->
    <bean id="pooledDataSource" class="com.mchange.v2.c3p0.ComboPooledDataSource">
        <property name="driverClass" value="${jdbc.driver}"/>
        <property name="jdbcUrl" value="${jdbc.url}"/>
        <property name="user" value="${jdbc.username}"/>
        <property name="password" value="${jdbc.password}"/>
    </bean>

<!--    扫描组件-->
    <context:component-scan base-package="com.heng">
    <context:exclude-filter type="annotation" expression="org.springframework.stereotype.Controller"/>
    </context:component-scan>
<!--    配置和MyBatis的整合==============================================================-->
    <bean id="sqlSessionFactory" class="org.mybatis.spring.SqlSessionFactoryBean">
        <!--        注入数据库连接池-->
        <property name="dataSource" ref="pooledDataSource"/>
        <!--        配置MyBatis核心配置文件 mybatis-config.xml-->
        <property name="configLocation" value="classpath:mybatis-config.xml"/>
        <property name="mapperLocations" value="classpath:mapper/*.xml" />
    </bean>

<!--    配置扫描器，将mybatis的接口加入到IOC容器中-->
    <bean class="org.mybatis.spring.mapper.MapperScannerConfigurer">
<!--        扫描所有的DAO接口 加入到IOC容器中-->
        <property name="basePackage" value="com.heng.dao"/>
    </bean>

<!--    配置一个可以批量执行的sqlSession-->
    <bean id="sqlSession" class="org.mybatis.spring.SqlSessionTemplate">
        <constructor-arg name="sqlSessionFactory" ref="sqlSessionFactory"/>
        <constructor-arg name="executorType" value="BATCH"/>
    </bean>
<!--=====================================================================================-->

<!--    事务控制的配置======================================================================-->
    <bean class="org.springframework.jdbc.datasource.DataSourceTransactionManager" id="transactionManager">
<!--        控制住数据源-->
        <property name="dataSource" ref="pooledDataSource"/>
    </bean>

<!--    开启事务注解的事务,使用xml配置形式的事务 (主要的使用都是配置式)-->
    <aop:config>
<!--        切入点表达式-->
        <aop:pointcut id="txPoint" expression="execution(* com.heng.service..*(..))"/>
<!--        配置事务增强-->
        <aop:advisor advice-ref="txAdvice" pointcut-ref="txPoint"/>
    </aop:config>

<!--    配置事务增强,事务如何切入-->
    <tx:advice id="txAdvice" transaction-manager="transactionManager">
        <tx:attributes>
<!--            所有方法都是事务方法-->
            <tx:method name="*"/>
            <tx:method name="get*" read-only="true"/>
        </tx:attributes>
    </tx:advice>
</beans>
