<?xml version="1.0" encoding="UTF-8" ?>
<!DOCTYPE configuration
        PUBLIC "-//mybatis.org//DTD Config 3.0//EN"
        "http://mybatis.org/dtd/mybatis-3-config.dtd">
<configuration>

    <typeAliases>
        <package name="com.heng.pojo"/>
    </typeAliases>

    <plugins>
        <plugin interceptor="com.github.pagehelper.PageInterceptor">
<!--            调整分页合理化-->
            <property name="reasonable" value="true"/>
        </plugin>
    </plugins>
</configuration>