<?xml version="1.0" encoding="UTF-8"?>
<!DOCTYPE generatorConfiguration
        PUBLIC "-//mybatis.org//DTD MyBatis Generator Configuration 1.0//EN"
        "http://mybatis.org/dtd/mybatis-generator-config_1_0.dtd">

<generatorConfiguration>

    <context id="DB2Tables" targetRuntime="MyBatis3">
        <commentGenerator>
            <property name="suppressAllComments"  value="true"/>
        </commentGenerator>
<!--        配置数据库连接-->
        <jdbcConnection driverClass="com.mysql.jdbc.Driver"
                        connectionURL="jdbc:mysql://localhost:3306/ssm_crud?characterEncoding=utf8"
                        userId="root"
                        password="123456">
        </jdbcConnection>

        <javaTypeResolver >
            <property name="forceBigDecimals" value="false" />
        </javaTypeResolver>

<!--        指定JavaBean生成的位置-->
        <javaModelGenerator targetPackage="com.heng.pojo" targetProject=".\src\main\java">
            <property name="enableSubPackages" value="true" />
            <property name="trimStrings" value="true" />
        </javaModelGenerator>
        <!--        指定sql映射文件生成的位置-->
        <sqlMapGenerator targetPackage="mapper"  targetProject=".\src\main\resources">
            <property name="enableSubPackages" value="true" />
        </sqlMapGenerator>

<!--        指定DAO接口生成的位置-->
        <javaClientGenerator type="XMLMAPPER" targetPackage="com.heng.dao"  targetProject=".\src\main\java">
            <property name="enableSubPackages" value="true" />
        </javaClientGenerator>

<!--        table每个指定表的生成策略-->
        <table tableName="tbl_emp" domainObjectName="Employee"/>

        <table tableName="tbl_dept" domainObjectName="Department"/>


    </context>
</generatorConfiguration>